sr_no,state,honble_members_of_parliaments,constituency,allocated_amount_rupees,allocated_amount_rupees_invalid_negative,source_dataset
1,Maharashtra,AASHTIKAR PATIL NAGESH BAPURAO,HINGOLI,190289442.0,False,Allocated_Limit.csv
2,Jammu And Kashmir,ABDUL RASHID SHEIKH,BARAMULLAH,154773472.11,False,Allocated_Limit.csv
3,Bihar,ABHAY KUMAR SINHA,AURANGABAD_BR,147000000.0,False,Allocated_Limit.csv
4,West Bengal,ABHIJIT GANGOPADHYAY,TAMLUK,147000000.0,False,Allocated_Limit.csv
5,West Bengal,Abu Taher Khan,MURSHIDABAD,147000000.0,False,Allocated_Limit.csv
6,West Bengal,ADHIKARI SOUMENDU,KANTHI,147000000.0,False,Allocated_Limit.csv
7,Uttar Pradesh,ADITYA YADAV,BADAUN,147000000.0,False,Allocated_Limit.csv
8,Kerala,Adv Adoor Prakash,ATTINGAL,147000000.0,False,Allocated_Limit.csv
9,Kerala,Adv Dean Kuriakose,IDUKKI,147000000.0,False,Allocated_Limit.csv
10,Maharashtra,ADV GOWAAL KAGADA PADAVI,NANDURBAR(ST),147816309.11,False,Allocated_Limit.csv
11,Kerala,ADV K FRANCIS GEORGE,KOTTAYAM,188722256.11,False,Allocated_Limit.csv
12,Uttar Pradesh,AFZAL ANSARI,GHAZIPUR,220500000.0,False,Allocated_Limit.csv
13,Jammu And Kashmir,AGA SYED RUHULLAH MEHDI,SRINAGAR,147000000.0,False,Allocated_Limit.csv
14,Uttarakhand,Ajay Bhatt,NAINITAL UDHAM SINGH NAG.,147000000.0,False,Allocated_Limit.csv
15,Bihar,Ajay Kumar Mandal,BHAGALPUR,147000000.0,False,Allocated_Limit.csv
16,Uttarakhand,Ajay Tamta,ALMORA(SC),147000000.0,False,Allocated_Limit.csv
17,Uttar Pradesh,AJENDRA SINGH LODHI,HAMIRPUR_UP,147000000.0,False,Allocated_Limit.csv
18,Uttar Pradesh,AKHILESH YADAV,KANNAUJ,147000000.0,False,Allocated_Limit.csv
19,Uttar Pradesh,AKSHAYA YADAV,FIROZABAD,147000000.0,False,Allocated_Limit.csv
20,Manipur,ALFRED KANNGAM S ARTHUR,OUTER MANIPUR(ST),147000000.0,False,Allocated_Limit.csv
21,Bihar,Alok Kumar Suman,GOPALGANJ (SC),147000000.0,False,Allocated_Limit.csv
22,Madhya Pradesh,ALOK SHARMA,BHOPAL,147000000.0,False,Allocated_Limit.csv
23,Maharashtra,AMAR SHARADRAO KALE,WARDHA,147000000.0,False,Allocated_Limit.csv
24,Assam,AMARSING TISSO,Diphu (ST),147000000.0,False,Allocated_Limit.csv
25,Andhra Pradesh,AMBICA G LAKSHMINARAYANA VALMIKI,ANANTAPUR,201899064.11,False,Allocated_Limit.csv
26,Maharashtra,Amol Ramsing Kolhe,SHIRUR,147000000.0,False,Allocated_Limit.csv
27,Rajasthan,AMRARAM,SIKAR,165691544.11,False,Allocated_Limit.csv
28,Punjab,AMRINDER SINGH RAJA WARRING,LUDHIANA,147000000.0,False,Allocated_Limit.csv
29,Uttar Pradesh,ANAND BHADAURIYA,DHAURAHRA,147000000.0,False,Allocated_Limit.csv
30,Uttar Pradesh,ANAND KUMAR,BAHRAICH(SC),147000000.0,False,Allocated_Limit.csv
31,Odisha,ANANTA NAYAK,KEONJHAR(ST),147000000.0,False,Allocated_Limit.csv
32,Tamil Nadu,Andimuthu Raja,NILGIRIS(SC),147000000.0,False,Allocated_Limit.csv
33,Meghalaya,ANDREW J. SYNGKON,SHILLONG,98000000.0,False,Allocated_Limit.csv
34,Manipur,ANGOMCHA BIMOL AKOIJAM,INNER MANIPUR,147000000.0,False,Allocated_Limit.csv
35,Uttarakhand,ANIL BALUNI,GARHWAL,147000000.0,False,Allocated_Limit.csv
36,Maharashtra,ANIL YESHWANT DESAI,MUMBAI SOUTH CENTRAL,147000000.0,False,Allocated_Limit.csv
37,Madhya Pradesh,ANITA NAGARSINGH CHOUHAN,RATLAM(ST),147000000.0,False,Allocated_Limit.csv
38,Odisha,ANITA SUBHADARSHINI,ASKA,147000000.0,False,Allocated_Limit.csv
39,Jharkhand,Annpurna Devi,KODARMA,166665931.8,False,Allocated_Limit.csv
40,Uttar Pradesh,ANOOP PRADHAN BALMIKI,HATHRAS (SC),147000000.0,False,Allocated_Limit.csv
41,Kerala,Anto Antony,PATHANAMTHITTA,147000000.0,False,Allocated_Limit.csv
42,Maharashtra,ANUP SANJAY DHOTRE,AKOLA,147000000.0,False,Allocated_Limit.csv
43,Uttar Pradesh,Anurag Sharma,JHANSI,147000000.0,False,Allocated_Limit.csv
44,Himachal Pradesh,Anurag Singh Thakur,HAMIRPUR_HP,149570117.11,False,Allocated_Limit.csv
45,Andhra Pradesh,Appalanaidu Kalisetti,VIZIANAGARAM,147000000.0,False,Allocated_Limit.csv
46,Bihar,ARUN BHARTI,JAMUI(SC),194924621.11,False,Allocated_Limit.csv
47,Uttar Pradesh,ARUN GOVIL,MEERUT,147000000.0,False,Allocated_Limit.csv
48,Tamil Nadu,ARUN NEHRU,PERAMBALUR,147000000.0,False,Allocated_Limit.csv
49,Telangana,ARUNA. D. K,MAHABUBNAGAR,147000000.0,False,Allocated_Limit.csv
50,West Bengal,ARUP CHAKRABORTY,BANKURA,147000000.0,False,Allocated_Limit.csv
51,Telangana,Arvind Dharmapuri,NIZAMABAD,281396355.11,False,Allocated_Limit.csv
52,Maharashtra,Arvind Ganpat Sawant,MUMBAI SOUTH,147000000.0,False,Allocated_Limit.csv
53,Telangana,Asaduddin Owaisi,HYDERABAD,147000000.0,False,Allocated_Limit.csv
54,Madhya Pradesh,ASHISH DUBEY,JABALPUR,147000000.0,False,Allocated_Limit.csv
55,Uttar Pradesh,Ashok Kumar Rawat,MISRIKH(SC),147000000.0,False,Allocated_Limit.csv
56,Bihar,Ashok Kumar Yadav,MADHUBANI,147000000.0,False,Allocated_Limit.csv
57,West Bengal,Asit Kumar Mal,BOLPUR(SC),275694456.74,False,Allocated_Limit.csv
58,Uttar Pradesh,ATUL GARG,GHAZIABAD,155336470.0,False,Allocated_Limit.csv
59,Odisha,AVIMANYU SETHI,BHADRAK(SC),147000000.0,False,Allocated_Limit.csv
60,Uttar Pradesh,AWADHESH PRASAD,FAIZABAD,147000000.0,False,Allocated_Limit.csv
61,West Bengal,AZAD KIRTI JHA,BARDHAMAN-DURGAPUR,179658399.98,False,Allocated_Limit.csv
62,Andhra Pradesh,B K PARTHASARATHI,HINDUPUR,160491894.11,False,Allocated_Limit.csv
63,Uttar Pradesh,BABU SINGH KUSHWAHA,JAUNPUR,147000000.0,False,Allocated_Limit.csv
64,Maharashtra,BACHHAV SHOBHA DINESH,DHULE,147000000.0,False,Allocated_Limit.csv
65,West Bengal,BAG MITALI,ARAMBAG(SC),147000000.0,False,Allocated_Limit.csv
66,Odisha,BAIJAYANT PANDA,KENDRAPARA,147000000.0,False,Allocated_Limit.csv
67,Maharashtra,BAJRANG MANOHAR SONWANE,BEED,165899107.19,False,Allocated_Limit.csv
68,Odisha,BALABHADRA MAJHI,NABARANGPUR(ST),147413962.11,False,Allocated_Limit.csv
69,Andhra Pradesh,Balashowry Vallabbhaneni,MACHILIPATNAM,147000000.0,False,Allocated_Limit.csv
70,Telangana,BALRAM NAIK PORIKA,MAHABUBABAD,147000000.0,False,Allocated_Limit.csv
71,Maharashtra,BALWANT BASWANT WANKHADE,AMRAVATI(SC),198293678.0,False,Allocated_Limit.csv
72,Maharashtra,BALYA MAMA SURESH GOPINATH MHATRE,BHIWANDI,147000000.0,False,Allocated_Limit.csv
73,Delhi,Bansuri Swaraj,NEW DELHI,154306950.0,False,Allocated_Limit.csv
74,West Bengal,BAPI HALDAR,MATHURAPUR(SC),147000000.0,False,Allocated_Limit.csv
75,Karnataka,BASAVARAJ BOMMAI,HAVERI,147000000.0,False,Allocated_Limit.csv
76,Andhra Pradesh,BASTIPATI NAGARAJU PANCHALINGALA,KURNOOL,159998515.11,False,Allocated_Limit.csv
77,Rajasthan,Bhagirath Chaudhary,AJMER,147000000.0,False,Allocated_Limit.csv
78,Rajasthan,BHAJAN LAL JATAV,KARAULI-DHOLPUR(SC),147000000.0,False,Allocated_Limit.csv
79,Madhya Pradesh,BHARAT SINGH KUSHWAH,GWALIOR,151455276.04,False,Allocated_Limit.csv
80,Gujarat,BHARATBHAI MANUBHAI SUTARIYA,AMRELI,147000000.0,False,Allocated_Limit.csv
81,Gujarat,Bharatsinhji Shankarji Dabhi,PATAN,147000000.0,False,Allocated_Limit.csv
82,Madhya Pradesh,BHARTI PARDHI,BALAGHAT,154398389.01,False,Allocated_Limit.csv
83,Maharashtra,BHASKAR MURLIDHAR BHAGARE,DINDORI(ST),147000000.0,False,Allocated_Limit.csv
84,Maharashtra,BHAUSAHEB RAJARAM WAKCHAURE,SHIRDI(SC),147000000.0,False,Allocated_Limit.csv
85,Chhattisgarh,BHOJRAJ NAG,KANKER(ST),164672734.11,False,Allocated_Limit.csv
86,Uttar Pradesh,Bhola Singh,BULANDSHAHR(SC),147000000.0,False,Allocated_Limit.csv
87,Maharashtra,BHUMARE SANDIPANRAO ASARAM,AURANGABAD_MH,147000000.0,False,Allocated_Limit.csv
88,Andhra Pradesh,Bhupathiraju Srinivasa varma,NARASAPURAM,147000000.0,False,Allocated_Limit.csv
89,Rajasthan,BHUPENDER YADAV,ALWAR,147000000.0,False,Allocated_Limit.csv
90,Odisha,BIBHU PRASAD TARAI,JAGATSINGHPUR(SC),147000000.0,False,Allocated_Limit.csv
91,Jharkhand,Bidyut Baran Mahato,JAMSHEDPUR,147000000.0,False,Allocated_Limit.csv
92,Assam,BIJULI KALITA MEDHI,GUWAHATI,147000000.0,False,Allocated_Limit.csv
93,Tripura,BIPLAB KUMAR DEB,TRIPURA WEST,147000000.0,False,Allocated_Limit.csv
94,Andaman And Nicobar Islands,BISHNU PADA RAY,ANDAMAN AND NICOBAR ISLANDS,147000000.0,False,Allocated_Limit.csv
95,Rajasthan,BRIJENDRA SINGH OLA,JHUNJHUNU,147000000.0,False,Allocated_Limit.csv
96,Chhattisgarh,BRIJMOHAN AGRAWAL,RAIPUR,153766451.11,False,Allocated_Limit.csv
97,Madhya Pradesh,BUNTY VIVEK SAHU,CHHINDWARA,147000000.0,False,Allocated_Limit.csv
98,Gujarat,C R Patil,NAVSARI,158532494.36,False,Allocated_Limit.csv
99,Andhra Pradesh,C.M.RAMESH,ANAKAPALLE,202531656.11,False,Allocated_Limit.csv
100,Karnataka,CAPTAIN BRIJESH CHOWTA,DAKSHINA KANNADA,147000000.0,False,Allocated_Limit.csv
101,Goa,CAPTAIN VIRIATO FERNANDES,SOUTH GOA,147000000.0,False,Allocated_Limit.csv
102,Telangana,CHAMALA KIRAN KUMAR REDDY,BHONGIR,147000000.0,False,Allocated_Limit.csv
103,Uttar Pradesh,CHANDAN CHAUHAN,BIJNOR,147000000.0,False,Allocated_Limit.csv
104,Rajasthan,Chandra Prakash Joshi,CHITTORGARH,147000000.0,False,Allocated_Limit.csv
105,Uttar Pradesh,CHANDRA SHEKHAR,NAGINA(SC),147000000.0,False,Allocated_Limit.csv
106,Gujarat,CHANDUBHAI CHHAGANBHAI SHIHORA,SURENDRANAGAR,147000000.0,False,Allocated_Limit.csv
107,Punjab,CHARANJIT SINGH CHANNI,JALANDHAR(SC),147000000.0,False,Allocated_Limit.csv
108,Maharashtra,CHAVAN VASANTRAO BALWANTRAO,NANDED,,,Allocated_Limit.csv
109,Uttar Pradesh,CHHATRA PAL SINGH GANGWAR,BAREILLY,147000000.0,False,Allocated_Limit.csv
110,Maharashtra,CHHATRAPATI SHAHU SHAHAJI,KOLHAPUR,147000000.0,False,Allocated_Limit.csv
111,Uttar Pradesh,CHHOTELAL,ROBERTSGANJ(SC),147000000.0,False,Allocated_Limit.csv
112,Chhattisgarh,CHINTAMANI MAHARAJ,SARGUJA(ST),147000000.0,False,Allocated_Limit.csv
113,Bihar,CHIRAG PASWAN,HAJIPUR(SC),147000000.0,False,Allocated_Limit.csv
114,Tamil Nadu,CN Annadurai,TIRUVANNAMALAI,148579509.11,False,Allocated_Limit.csv
115,Tamil Nadu,D M Kathir Anand,VELLORE,160196941.11,False,Allocated_Limit.csv
116,Tamil Nadu,D Ravikumar,VILUPPURAM(SC),197598306.11,False,Allocated_Limit.csv
117,Andhra Pradesh,Daggubati Purandeshwari,RAJAHMUNDRY,147000000.0,False,Allocated_Limit.csv
118,Andhra Pradesh,DAGGUMALLA PRASADA RAO,CHITTOOR,147000000.0,False,Allocated_Limit.csv
119,Rajasthan,DAMODAR AGARWAL,BHILWARA,147000000.0,False,Allocated_Limit.csv
120,Uttar Pradesh,DAROGA PRASAD SAROJ,LALGANJ (SC),147000000.0,False,Allocated_Limit.csv
121,Madhya Pradesh,DARSHAN SINGH CHOUDHARY,HOSHANGABAD,147000000.0,False,Allocated_Limit.csv
122,Haryana,DEEPENDER SINGH HOODA,ROHTAK,147000000.0,False,Allocated_Limit.csv
123,Uttar Pradesh,Devendra Alias Bhole Singh,AKBARPUR,147000000.0,False,Allocated_Limit.csv
124,Bihar,DEVESH CHANDRA THAKUR,SITAMARHI,163809205.11,False,Allocated_Limit.csv
125,Uttar Pradesh,DEVESH SHAKYA,ETAH,147000000.0,False,Allocated_Limit.csv
126,Gujarat,Devusinh Jesingbhai Chauhan,KHEDA,147000000.0,False,Allocated_Limit.csv
127,Maharashtra,Dhairyasheel Sambhajirao Mane,HATKANANGLE,147000000.0,False,Allocated_Limit.csv
128,Maharashtra,DHANORKAR PRATIBHA SURESH ALIAS BALUBHAU,CHANDRAPUR,147000000.0,False,Allocated_Limit.csv
129,Odisha,DHARMENDRA PRADHAN,SAMBALPUR,147000000.0,False,Allocated_Limit.csv
130,Uttar Pradesh,DHARMENDRA YADAV,AZAMGARH,147000000.0,False,Allocated_Limit.csv
131,Gujarat,DHAVAL LAXMANBHAI PATEL,VALSAD(ST),147000000.0,False,Allocated_Limit.csv
132,Bihar,Dileshwar Kamait,SUPAUL,150450930.89,False,Allocated_Limit.csv
133,Assam,Dilip Saikia,Darrang-Udalguri,147000000.0,False,Allocated_Limit.csv
134,Bihar,Dinesh Chandra Yadav,MADHEPURA,150070866.11,False,Allocated_Limit.csv
135,Gujarat,DINESHBHAI MAKWANA,AHMEDABAD WEST(SC),160434965.11,False,Allocated_Limit.csv
136,Andhra Pradesh,DR BYREDDY SHABARI,NANDYAL,150675889.11,False,Allocated_Limit.csv
137,Karnataka,DR C N MANJUNATH,BANGALORE RURAL,147000000.0,False,Allocated_Limit.csv
138,Andhra Pradesh,Dr Chandra Sekhar Pemmasani,GUNTUR,159774113.11,False,Allocated_Limit.csv
139,Punjab,DR DHARAMVIRA GANDHI,PATIALA,147000000.0,False,Allocated_Limit.csv
140,West Bengal,Dr Jayanta Kumar Roy,JALPAIGURI(SC),147000000.0,False,Allocated_Limit.csv
141,Maharashtra,DR KALGE SHIVAJI BANDAPPA,LATUR(SC),147000000.0,False,Allocated_Limit.csv
142,Bihar,Dr Mohammad Jawed,KISHANGANJ,148669229.11,False,Allocated_Limit.csv
143,Uttar Pradesh,DR RAJKUMAR SANGWAN,BAGHPAT,147000000.0,False,Allocated_Limit.csv
144,Tamil Nadu,DR RANI SRI KUMAR,TENKASI(SC),153060922.82,False,Allocated_Limit.csv
145,Kerala,Dr Shashi Tharoor,THIRUVANANTHAPURAM,147000000.0,False,Allocated_Limit.csv
146,West Bengal,Dr Sukanta Majumdar,BALURGHAT,157085364.9,False,Allocated_Limit.csv
147,Gujarat,DR. HEMANG JOSHI,VADODARA,147000000.0,False,Allocated_Limit.csv
148,Maharashtra,DR. HEMANT VISHNU SAVARA,PALGHAR(ST),147000000.0,False,Allocated_Limit.csv
149,Maharashtra,DR. KIRSAN NAMDEO,GADCHIROLI-CHIMUR(ST),147000000.0,False,Allocated_Limit.csv
150,Madhya Pradesh,DR. LATA WANKHEDE,SAGAR,147000000.0,False,Allocated_Limit.csv
151,Kerala,DR. M.P ABDUSSAMAD SAMADANI,PONNANI,170434031.11,False,Allocated_Limit.csv
152,Gujarat,DR. MANSUKH MANDAVIYA,PORBANDAR,147000000.0,False,Allocated_Limit.csv
153,Karnataka,DR. PRABHA MALLIKARJUN,DAVANAGERE,147000000.0,False,Allocated_Limit.csv
154,Odisha,DR. PRADEEP KUMAR PANIGRAHY,BERHAMPUR,147000000.0,False,Allocated_Limit.csv
155,Maharashtra,DR. PRASHANT YADAORAO PADOLE,BHANDARA-GONDIYA,159680283.39,False,Allocated_Limit.csv
156,Punjab,DR. RAJ KUMAR CHABBEWAL,HOSHIARPUR(SC),147000000.0,False,Allocated_Limit.csv
157,Madhya Pradesh,DR. RAJESH MISHRA,SIDHI,262724510.35,False,Allocated_Limit.csv
158,Uttar Pradesh,DR. S P SINGH,PRATAPGARH,147000000.0,False,Allocated_Limit.csv
159,West Bengal,DR. SHARMILA SARKAR,BARDHAMAN PURBA(SC),147000000.0,False,Allocated_Limit.csv
160,Karnataka,DR.K.SUDHAKAR,CHIKBALLAPUR,147000000.0,False,Allocated_Limit.csv
161,Telangana,DR.MALLU RAVI,NAGARKURNOOL(SC),147000000.0,False,Allocated_Limit.csv
162,Jharkhand,DULU MAHATO,DHANBAD,147000000.0,False,Allocated_Limit.csv
163,Tamil Nadu,DURAI VAIKO,TIRUCHIRAPPALLI,147000000.0,False,Allocated_Limit.csv
164,Madhya Pradesh,Durga Das Uikey,BETUL(ST),151569502.91,False,Allocated_Limit.csv
165,Rajasthan,Dushyant Singh,JHALAWAR-BARAN,147000000.0,False,Allocated_Limit.csv
166,Karnataka,E. TUKARAM,BELLARY(ST),147000000.0,False,Allocated_Limit.csv
167,Kerala,E.T. MOHAMMED BASHEER,MALAPPURAM,163895872.11,False,Allocated_Limit.csv
168,Telangana,EATALA RAJENDER,MALKAJGIRI,327477390.86,False,Allocated_Limit.csv
169,Tamil Nadu,ESWARASAMY K,POLLACHI,162315106.11,False,Allocated_Limit.csv
170,Madhya Pradesh,Faggan Singh Kulaste,MANDLA(ST),151861648.41,False,Allocated_Limit.csv
171,Karnataka,G. KUMAR NAIK,RAICHUR(ST),147000000.0,False,Allocated_Limit.csv
172,Maharashtra,GAIKWAD VARSHA EKNATH,MUMBAI NORTH-CENTRAL,147000000.0,False,Allocated_Limit.csv
173,Madhya Pradesh,Gajendra Singh Patel,KHARGONE(ST),147000000.0,False,Allocated_Limit.csv
174,Rajasthan,Gajendra Singh Shekhawat,JODHPUR,147000000.0,False,Allocated_Limit.csv
175,Tamil Nadu,GANAPATHY RAJKUMAR P,COIMBATORE,147370490.11,False,Allocated_Limit.csv
176,Tamil Nadu,Ganesan Selvam,KANCHEEPURAM(SC),186508749.11,False,Allocated_Limit.csv
177,Madhya Pradesh,Ganesh Singh,SATNA,147000000.0,False,Allocated_Limit.csv
178,Assam,GAURAV GOGOI,JORHAT,147000000.0,False,Allocated_Limit.csv
179,Gujarat,GENIBEN NAGAJI THAKOR,BANASKANTHA,147000000.0,False,Allocated_Limit.csv
180,Bihar,Giridhari Yadav,BANKA,147000000.0,False,Allocated_Limit.csv
181,Bihar,Giriraj Singh,BEGUSARAI,147000000.0,False,Allocated_Limit.csv
182,Andhra Pradesh,GM Harish Balayogi,AMALAPURAM(SC),147000000.0,False,Allocated_Limit.csv
183,Telangana,GODAM NAGESH,ADILABAD(ST),147000000.0,False,Allocated_Limit.csv
184,Tamil Nadu,GOPINATH K,KRISHNAGIRI,147000000.0,False,Allocated_Limit.csv
185,Karnataka,GOVIND MAKTHAPPA KARJOL,CHITRADURGA(SC),147000000.0,False,Allocated_Limit.csv
186,Andhra Pradesh,Gumma Thanuja Rani,ARAKU(ST),149458905.11,False,Allocated_Limit.csv
187,Punjab,GURMEET SINGH MEET HAYER,SANGRUR,147000000.0,False,Allocated_Limit.csv
188,Madhya Pradesh,Gyaneshwar Patil,KHANDWA,155690684.77,False,Allocated_Limit.csv
189,Karnataka,H.D. KUMARASWAMY,MANDYA,147000000.0,False,Allocated_Limit.csv
190,Uttar Pradesh,HARENDRA SINGH MALIK,MUZAFFARNAGAR,147000000.0,False,Allocated_Limit.csv
191,Gujarat,HARIBHAI PATEL,MAHESANA,147000000.0,False,Allocated_Limit.csv
192,Rajasthan,HARISH CHANDRA MEENA,TONK-SAWAI MADHOPUR,147000000.0,False,Allocated_Limit.csv
193,Delhi,Harsh Malhotra,EAST DELHI,147134131.0,False,Allocated_Limit.csv
194,Gujarat,Hasmukh Bhai Soma Bhai Patel,AHMEDABAD EAST,147000000.0,False,Allocated_Limit.csv
195,Uttar Pradesh,IMRAN MASOOD,SAHARANPUR,147000000.0,False,Allocated_Limit.csv
196,Sikkim,Indra Hang Subba,SIKKIM,152003923.11,False,Allocated_Limit.csv
197,Uttar Pradesh,IQRA CHOUDHARY,KAIRANA,147000000.0,False,Allocated_Limit.csv
198,West Bengal,ISHA KHAN CHOUDHURY,MALDAHA DAKSHIN,147000000.0,False,Allocated_Limit.csv
199,West Bengal,JAGADISH CHANDRA BARMA BASUNIA,COOCHBEHAR(SC),168604641.11,False,Allocated_Limit.csv
200,Karnataka,JAGADISH SHETTAR,BELGAUM,147000000.0,False,Allocated_Limit.csv
201,West Bengal,Jagannath Sarkar,RANAGHAT(SC),147000000.0,False,Allocated_Limit.csv
202,Uttar Pradesh,Jagdambika Pal,DOMARIYAGANJ,160643957.11,False,Allocated_Limit.csv
203,Haryana,JAI PARKASH,HISAR,147000000.0,False,Allocated_Limit.csv
204,Uttar Pradesh,Jai Prakash,HARDOI (SC),147000000.0,False,Allocated_Limit.csv
205,Madhya Pradesh,Janardan Mishra,REWA,147000000.0,False,Allocated_Limit.csv
206,Gujarat,JASHUBHAI BHILUBHAI RATHVA,CHHOTA UDAIPUR(ST),147000000.0,False,Allocated_Limit.csv
207,Gujarat,Jaswantsinh Sumanbhai Bhabhor,DAHOD(ST),147000000.0,False,Allocated_Limit.csv
208,Bihar,JITAN RAM MANJHI,GAYA (SC),147000000.0,False,Allocated_Limit.csv
209,Uttar Pradesh,JITENDRA KUMAR DOHARE,ETAWAH(SC),188747306.26,False,Allocated_Limit.csv
210,Jammu And Kashmir,Jitendra Singh,UDHAMPUR,147000000.0,False,Allocated_Limit.csv
211,Uttar Pradesh,JITIN PRASADA,PILIBHIT,147000000.0,False,Allocated_Limit.csv
212,Jharkhand,JOBA MAJHI,SINGHBHUM(ST),147000000.0,False,Allocated_Limit.csv
213,Assam,JOYANTA BASUMATARY,KOKRAJHAR (ST),147000000.0,False,Allocated_Limit.csv
214,West Bengal,JUNE MALIAH,MEDINIPUR,147000000.0,False,Allocated_Limit.csv
215,Madhya Pradesh,JYOTIRADITYA M. SCINDIA,GUNA,147000000.0,False,Allocated_Limit.csv
216,Chhattisgarh,Jyotsna Charandas Mahant,KORBA,155153738.11,False,Allocated_Limit.csv
217,Tamil Nadu,K E PRAKASH,ERODE,147000000.0,False,Allocated_Limit.csv
218,Kerala,K RADHAKRISHNAN,ALATHUR(SC),147000000.0,False,Allocated_Limit.csv
219,Tamil Nadu,K Subbarayan,TIRUPPUR,147000000.0,False,Allocated_Limit.csv
220,Kerala,K. C VENUGOPAL,ALAPPUZHA,147000000.0,False,Allocated_Limit.csv
221,Karnataka,K. RAJASHEKAR BASAVARAJ HITNAL,KOPPAL,147000000.0,False,Allocated_Limit.csv
222,Telangana,KADIYAM KAVYA,WARANGEL(SC),147000000.0,False,Allocated_Limit.csv
223,West Bengal,Kakoli Ghosh Dastidar,BARASAT,147000000.0,False,Allocated_Limit.csv
224,The Dadra And Nagar Haveli And Daman And Diu,Kalaben Mohanbhai Delkar,DADRA & NAGAR HAVELI (ST),147000000.0,False,Allocated_Limit.csv
225,Tamil Nadu,Kalanidhi Veeraswamy,CHENNAI NORTH,171500000.0,False,Allocated_Limit.csv
226,Jharkhand,KALI CHARAN MUNDA,KHUNTI(ST),147000000.0,False,Allocated_Limit.csv
227,Jharkhand,KALI CHARAN SINGH,CHATRA,147000000.0,False,Allocated_Limit.csv
228,West Bengal,KALIPADA SAREN,JHARGRAM(ST),147000000.0,False,Allocated_Limit.csv
229,West Bengal,Kalyan Banerjee,SREERAMPUR,147000000.0,False,Allocated_Limit.csv
230,Maharashtra,KALYAN VAIJINATHRAO KALE,JALNA,147000000.0,False,Allocated_Limit.csv
231,Assam,KAMAKHYA PRASAD TASA,Kaziranga,147000000.0,False,Allocated_Limit.csv
232,Delhi,Kamaljeet Sehrawat,WEST DELHI,147000000.0,False,Allocated_Limit.csv
233,Chhattisgarh,KAMLESH JANGDE,JANJGIR CHAMPA(SC),150384382.11,False,Allocated_Limit.csv
234,Uttar Pradesh,Kamlesh Paswan,BANSGAON(SC),147000000.0,False,Allocated_Limit.csv
235,Himachal Pradesh,Kangana Ranaut,MANDI,147000000.0,False,Allocated_Limit.csv
236,Tamil Nadu,Kani K Navas,RAMANATHAPURAM,147000000.0,False,Allocated_Limit.csv
237,Tamil Nadu,Kanimozhi Karunanidhi,THOOTHUKKUDI,147000000.0,False,Allocated_Limit.csv
238,Uttar Pradesh,KANWAR SINGH TANWAR,AMROHA,147000000.0,False,Allocated_Limit.csv
239,Uttar Pradesh,KARAN BHUSHAN SINGH,KAISERGANJ,147000000.0,False,Allocated_Limit.csv
240,West Bengal,KARTICK CHANDRA PAUL,RAIGANJ,202677986.56,False,Allocated_Limit.csv
241,Bihar,Kaushalendra Kumar,NALANDA,147000000.0,False,Allocated_Limit.csv
242,West Bengal,Khagen Murmu,MALDAHA UTTAR,147000000.0,False,Allocated_Limit.csv
243,West Bengal,Khalilur Rahaman,JANGIPUR,147000000.0,False,Allocated_Limit.csv
244,Andhra Pradesh,Kinjarapu Ram Mohan Naidu,SRIKAKULAM,171200630.11,False,Allocated_Limit.csv
245,Arunachal Pradesh,Kiren Rijiju,ARUNACHAL WEST,147000000.0,False,Allocated_Limit.csv
246,Uttar Pradesh,Kirti Vardhan Singh,GONDA,147000000.0,False,Allocated_Limit.csv
247,Telangana,Kishan Reddy Gangapuram,SECUNDERABAD,147000000.0,False,Allocated_Limit.csv
248,Uttar Pradesh,KISHORI LAL,AMETHI,171500000.0,False,Allocated_Limit.csv
249,Telangana,KONDA VISHWESHWAR REDDY,CHELVELLA,233721420.96,False,Allocated_Limit.csv
250,Karnataka,KOTA SRINIVAS POOJARY,UDUPI CHIKMAGALUR,147000000.0,False,Allocated_Limit.csv
251,Assam,Kripanath Mallah,KARIMGANJ (SC),147000000.0,False,Allocated_Limit.csv
252,Haryana,Krishan Pal Gurjar,FARIDABAD,147000000.0,False,Allocated_Limit.csv
253,Uttar Pradesh,KRISHNA DEVI SHIVSHANKER PATEL,BANDA,147000000.0,False,Allocated_Limit.csv
254,Andhra Pradesh,Krishna Prasad Tenneti,BAPATLA,167796849.11,False,Allocated_Limit.csv
255,Tripura,KRITI DEVI DEBBARMAN,TRIPURA EAST(ST),147000000.0,False,Allocated_Limit.csv
256,Rajasthan,KULDEEP INDORA,GANGANAGAR(SC),147000000.0,False,Allocated_Limit.csv
257,Telangana,KUNDURU RAGHUVEER,NALGONDA,162952022.0,False,Allocated_Limit.csv
258,Uttar Pradesh,LALJI VERMA,AMBEDKAR NAGAR,147000000.0,False,Allocated_Limit.csv
259,Andhra Pradesh,Lavu Sri Krishna Devarayalu,NARASARAOPET,174009663.11,False,Allocated_Limit.csv
260,Uttar Pradesh,LAXMIKANT PAPPU NISHAD,SANT KABIR NAGAR,147000000.0,False,Allocated_Limit.csv
261,Bihar,LOVELY ANAND,SHEOHAR,147000000.0,False,Allocated_Limit.csv
262,Rajasthan,LUMBARAM,JALORE,147000000.0,False,Allocated_Limit.csv
263,Karnataka,M. MALLESH BABU,KOLAR(SC),147065957.11,False,Allocated_Limit.csv
264,Tamil Nadu,M.K. VISHNUPRASAD,CUDDALORE,147000000.0,False,Allocated_Limit.csv
265,Andhra Pradesh,Maddila Gurumoorthy,TIRUPATI(SC),180399007.0,False,Allocated_Limit.csv
266,Telangana,MADHAVANENI RAGHUNANDAN RAO,MEDAK,147000000.0,False,Allocated_Limit.csv
267,Andhra Pradesh,Magunta Sreenivasulu Reddy,ONGOLE,147000000.0,False,Allocated_Limit.csv
268,Madhya Pradesh,Mahendra Singh Solanky,DEWAS(SC),147000000.0,False,Allocated_Limit.csv
269,Chhattisgarh,MAHESH KASHYAP,BASTAR(ST),147000000.0,False,Allocated_Limit.csv
270,Uttar Pradesh,Mahesh Sharma,GAUTAM BUDDHA NAGAR,148816284.11,False,Allocated_Limit.csv
271,Rajasthan,MAHIMA KUMARI MEWAR,RAJSAMAND,183892143.0,False,Allocated_Limit.csv
272,Uttarakhand,Mala Rajya Laxmi Shah,TEHRI GARHWAL,147000000.0,False,Allocated_Limit.csv
273,West Bengal,Mala Roy,KOLKATA DAKSHIN,147000000.0,False,Allocated_Limit.csv
274,Tamil Nadu,MALAIYARASAN D,KALLAKURICHI,201599593.0,False,Allocated_Limit.csv
275,Odisha,MALVIKA DEVI,KALAHANDI,147000000.0,False,Allocated_Limit.csv
276,Punjab,MALVINDER SINGH KANG,ANANDPUR SAHIB,147000000.0,False,Allocated_Limit.csv
277,Tamil Nadu,MANI. A.,DHARAMAPURI,164515071.11,False,Allocated_Limit.csv
278,Tamil Nadu,Manickam Tagore B,VIRUDHUNAGAR,147000000.0,False,Allocated_Limit.csv
279,Jharkhand,MANISH JAISWAL,HAZARIBAGH,147000000.0,False,Allocated_Limit.csv
280,Chandigarh,MANISH TEWARI,CHANDIGARH,178351443.75,False,Allocated_Limit.csv
281,Rajasthan,MANJU SHARMA,JAIPUR,167082901.11,False,Allocated_Limit.csv
282,Rajasthan,MANNA LAL RAWAT,UDAIPUR(ST),147000000.0,False,Allocated_Limit.csv
283,Haryana,MANOHAR LAL,KARNAL,147000000.0,False,Allocated_Limit.csv
284,Bihar,MANOJ KUMAR,SASARAM(SC),147000000.0,False,Allocated_Limit.csv
285,West Bengal,MANOJ TIGGA,ALIPURDUARS(ST),147000000.0,False,Allocated_Limit.csv
286,Delhi,Manoj Tiwari,NORTH EAST DELHI,225843858.0,False,Allocated_Limit.csv
287,Gujarat,Mansukhbhai Dhanjibhai Vasava,BHARUCH,147000000.0,False,Allocated_Limit.csv
288,Jammu And Kashmir,MIAN ALTAF AHMAD,ANANTNAG,147000000.0,False,Allocated_Limit.csv
289,Andhra Pradesh,Midhun Reddy,RAJAMPET,178951477.11,False,Allocated_Limit.csv
290,Bihar,MISHA BHARTI,PATALIPUTRA,147000000.0,False,Allocated_Limit.csv
291,Gujarat,Mitesh Rameshbhai Bakabhai Patel,ANAND,147000000.0,False,Allocated_Limit.csv
292,Ladakh,Mohamed Haneefa,LADAKH,161114542.0,False,Allocated_Limit.csv
293,Uttar Pradesh,MOHIBBULLAH,RAMPUR,147000000.0,False,Allocated_Limit.csv
294,Maharashtra,MOHITE PATIL DHAIRYASHEEL RAJSINH,MADHA,195613601.7,False,Allocated_Limit.csv
295,Bihar,Mr Gopal Jee Thakur,DARBHANGA,147000000.0,False,Allocated_Limit.csv
296,West Bengal,Ms Mahua Moitra,KRISHNANAGAR,159865046.0,False,Allocated_Limit.csv
297,Lakshadweep,MUHAMMED HAMDULLAH SAYEED,LAKSHADWEEP(ST),153942460.41,False,Allocated_Limit.csv
298,Uttar Pradesh,Mukesh Rajput,FARRUKHABAD,147000000.0,False,Allocated_Limit.csv
299,Gujarat,MUKESHKUMAR CHANDRAKAANT DALAL,SURAT,147000000.0,False,Allocated_Limit.csv
300,Rajasthan,MURARI LAL MEENA,DAUSA(ST),147000000.0,False,Allocated_Limit.csv
301,Tamil Nadu,MURASOLI S,THANJAVUR,147000000.0,False,Allocated_Limit.csv
302,Maharashtra,MURLIDHAR MOHOL,PUNE,147000000.0,False,Allocated_Limit.csv
303,Odisha,NABA CHARAN MAJHI,MAYURBHANJ (ST),147563957.11,False,Allocated_Limit.csv
304,Jharkhand,NALIN SOREN,DUMKA(ST),147364097.11,False,Allocated_Limit.csv
305,Uttar Pradesh,NARAYAN DAS AHIRWAR,JALAUN(SC),147000000.0,False,Allocated_Limit.csv
306,Maharashtra,NARAYAN TATU RANE,RATNAGIRI-SINDHUDURG,147000000.0,False,Allocated_Limit.csv
307,Uttar Pradesh,NARESH CHANDRA UTTAM PATEL,FATEHPUR,147000000.0,False,Allocated_Limit.csv
308,Maharashtra,NARESH GANPAT MHASKE,THANE,147000000.0,False,Allocated_Limit.csv
309,Haryana,NAVEEN JINDAL,KURUKSHETRA,147000000.0,False,Allocated_Limit.csv
310,Uttar Pradesh,NEERAJ MAURYA,AONLA,147000000.0,False,Allocated_Limit.csv
311,Maharashtra,NILESH DNYANDEV LANKE,AHMEDNAGAR,147000000.0,False,Allocated_Limit.csv
312,Gujarat,NIMUBEN JAYANTIBHAI BAMBHANIYA,BHAVNAGAR,147000000.0,False,Allocated_Limit.csv
313,Jharkhand,Nishikant Dubey,GODDA,147000000.0,False,Allocated_Limit.csv
314,Maharashtra,Nitin Jairam Gadkari,NAGPUR,168195086.11,False,Allocated_Limit.csv
315,Bihar,Nityanand Rai,UJJARPUR,147000000.0,False,Allocated_Limit.csv
316,Rajasthan,Om Birla,KOTA,163906956.6,False,Allocated_Limit.csv
317,Maharashtra,Omprakash Bhupalsinh Alias Pawan Rajenimbalkar,OSMANABAD,184758519.11,False,Allocated_Limit.csv
318,Karnataka,P C Mohan,BANGALORE CENTRAL,159995711.11,False,Allocated_Limit.csv
319,Uttar Pradesh,Pankaj Chowdhary,MAHARAJGANJ_UP,147000000.0,False,Allocated_Limit.csv
320,Assam,PARIMAL SUKLABAIDYA,SILCHAR,148300157.11,False,Allocated_Limit.csv
321,Gujarat,PARSHOTTAMBHAI RUPALA,RAJKOT,147000000.0,False,Allocated_Limit.csv
322,West Bengal,PARTHA BHOWMICK,BARRACKPUR,147000000.0,False,Allocated_Limit.csv
323,Karnataka,Parvatagouda Chandanagouda Gaddigoudar,BAGALKOT,167541747.11,False,Allocated_Limit.csv
324,The Dadra And Nagar Haveli And Daman And Diu,PATEL UMESHBHAI BABUBHAI,DAMAN and DIU,245063957.0,False,Allocated_Limit.csv
325,West Bengal,PATHAN YUSUF,BAHARAMPUR,147000000.0,False,Allocated_Limit.csv
326,Assam,PHANI BHUSAN CHOUDHURY,BARPETA,147000000.0,False,Allocated_Limit.csv
327,Maharashtra,Piyush Vedprakash Goyal,MUMBAI NORTH,147000000.0,False,Allocated_Limit.csv
328,Andhra Pradesh,PRABHAKAR REDDY VEMIREDDY,NELLORE(SC),147000000.0,False,Allocated_Limit.csv
329,Gujarat,Prabhubhai Nagarbhai Vasava,BARDOLI(ST),147000000.0,False,Allocated_Limit.csv
330,Assam,Pradan Baruah,LAKHIMPUR,147000000.0,False,Allocated_Limit.csv
331,Bihar,Pradeep Kumar Singh,ARARIA,147000000.0,False,Allocated_Limit.csv
332,Odisha,PRADEEP PUROHIT,BARGARH,147000000.0,False,Allocated_Limit.csv
333,Assam,Pradyut Bordoloi,NOWGONG,98000000.0,False,Allocated_Limit.csv
334,Karnataka,Pralhad Venkatesh Joshi,DHARWAD,147000000.0,False,Allocated_Limit.csv
335,Maharashtra,PRANITI SUSHILKUMAR SHINDE,SOLAPUR(SC),147000000.0,False,Allocated_Limit.csv
336,West Bengal,Prasun Banerjee,HOWRAH,147000000.0,False,Allocated_Limit.csv
337,Odisha,Pratap Chandra Sarangi,BALASORE,147064254.11,False,Allocated_Limit.csv
338,Maharashtra,Prataprao Jadhav,BULDHANA,147000000.0,False,Allocated_Limit.csv
339,West Bengal,Pratima Mondal,JOYNAGAR(SC),147000000.0,False,Allocated_Limit.csv
340,Delhi,Praveen Khandelwal,CHANDINI CHOWK,147470276.0,False,Allocated_Limit.csv
341,Uttar Pradesh,PRAVEEN PATEL,PHULPUR,151559884.09,False,Allocated_Limit.csv
342,Uttar Pradesh,PRIYA SAROJ,MACHHLISHAHR(SC),147000000.0,False,Allocated_Limit.csv
343,Kerala,Priyanka Gandhi Vadra,WAYANAD,122500000.0,False,Allocated_Limit.csv
344,Karnataka,PRIYANKA SATISH JARKIHOLI,CHIKKODI,147000000.0,False,Allocated_Limit.csv
345,West Bengal,Prof Sougata Ray,DUM DUM,147000000.0,False,Allocated_Limit.csv
346,Uttar Pradesh,Prof SP Singh Baghel,AGRA(SC),147000000.0,False,Allocated_Limit.csv
347,Uttar Pradesh,PUSHPENDRA SAROJ,KAUSHAMBI(SC),147000000.0,False,Allocated_Limit.csv
348,Andhra Pradesh,Putta Mahesh Kumar,ELURU,147000000.0,False,Allocated_Limit.csv
349,Uttar Pradesh,R.K. CHAUDHARY,MOHANLALGANJ(SC),147000000.0,False,Allocated_Limit.csv
350,Odisha,RABINDRA NARAYAN BEHERA,JAJPUR(SC),147064617.11,False,Allocated_Limit.csv
351,West Bengal,RACHNA BANERJEE,HOOGHLY,147000000.0,False,Allocated_Limit.csv
352,Bihar,Radha Mohan Singh,PURVI CHAMPARAN,147000000.0,False,Allocated_Limit.csv
353,Karnataka,RADHAKRISHNA,GULBARGA(SC),147000000.0,False,Allocated_Limit.csv
354,Chhattisgarh,RADHE SHYAM RATHIYA,RAIGARH(ST),159706972.09,False,Allocated_Limit.csv
355,Uttar Pradesh,RAHUL GANDHI,RAE BARELI,147000000.0,False,Allocated_Limit.csv
356,Rajasthan,Rahul Kaswan,CHURU,147000000.0,False,Allocated_Limit.csv
357,Madhya Pradesh,RAHUL SINGH LODHI,DAMOH,163058785.37,False,Allocated_Limit.csv
358,Bihar,RAJ BHUSHAN CHOUDHARY,MUZAFFARPUR,147000000.0,False,Allocated_Limit.csv
359,Rajasthan,RAJ KUMAR ROAT,BANSWARA(ST),147000000.0,False,Allocated_Limit.csv
360,Bihar,RAJA RAM SINGH,KARAKAT,147000000.0,False,Allocated_Limit.csv
361,Maharashtra,RAJABHAU,NASHIK,152878682.11,False,Allocated_Limit.csv
362,Himachal Pradesh,RAJEEV BHARDWAJ,KANGRA,179388967.11,False,Allocated_Limit.csv
363,Uttar Pradesh,RAJEEV RAI,GHOSI,147000000.0,False,Allocated_Limit.csv
364,Bihar,RAJESH RANJAN ALIAS PAPPU YADAV,PURNEA,147000000.0,False,Allocated_Limit.csv
365,Bihar,RAJESH VERMA,KHAGARIA,147000000.0,False,Allocated_Limit.csv
366,Gujarat,Rajeshbhai Naranbhai Chudasama,JUNAGADH,147000000.0,False,Allocated_Limit.csv
367,Bihar,Rajiv Pratap Rudy,SARAN,147000000.0,False,Allocated_Limit.csv
368,Bihar,Rajiv Ranjan (Lalan) Singh,MUNGER,147000000.0,False,Allocated_Limit.csv
369,Uttar Pradesh,Rajkumar Chahar,FATEHPUR SIKRI,147000000.0,False,Allocated_Limit.csv
370,Uttar Pradesh,Rajnath Singh,LUCKNOW,154808797.11,False,Allocated_Limit.csv
371,Gujarat,RAJPALSINH MAHENDRASINH JADAV,PANCHMAHAL,147000000.0,False,Allocated_Limit.csv
372,West Bengal,Raju Bista,DARJEELING,147000000.0,False,Allocated_Limit.csv
373,Uttar Pradesh,RAKESH RATHOR,SITAPUR,147000000.0,False,Allocated_Limit.csv
374,Assam,RAKIBUL HUSSAIN,DHUBRI,147000000.0,False,Allocated_Limit.csv
375,Uttar Pradesh,RAM PRASAD CHAUDHARY,BASTI,204176957.11,False,Allocated_Limit.csv
376,Uttar Pradesh,Ram Shiromani,SHRAWASTI,151746878.11,False,Allocated_Limit.csv
377,Telangana,RAMASAHAYAM RAGHURAM REDDY,KHAMMAM,147000000.0,False,Allocated_Limit.csv
378,Uttar Pradesh,RAMASHANKAR RAJBHAR,SALEMPUR,160056927.07,False,Allocated_Limit.csv
379,Uttar Pradesh,RAMBHUAL NISHAD,SULTANPUR,151231957.11,False,Allocated_Limit.csv
380,Uttar Pradesh,RAMESH AWASTHI,KANPUR,147000000.0,False,Allocated_Limit.csv
381,Karnataka,Ramesh Chandappa Jigajinagi,BIJAPUR(SC),269500000.0,False,Allocated_Limit.csv
382,Bihar,Ramprit Mandal,JHANJHARPUR,147000000.0,False,Allocated_Limit.csv
383,Delhi,Ramvir Singh Bidhuri,SOUTH DELHI,147559100.0,False,Allocated_Limit.csv
384,Assam,RANJIT DUTTA,Sonitpur,147000000.0,False,Allocated_Limit.csv
385,Haryana,Rao Inderjit Singh,GURGAON,147000000.0,False,Allocated_Limit.csv
386,Rajasthan,Rao Rajendra Singh,JAIPUR RURAL,147000000.0,False,Allocated_Limit.csv
387,Bihar,Ravi Shankar Prasad,PATNA SAHIB,147000000.0,False,Allocated_Limit.csv
388,Maharashtra,RAVINDRA DATTARAM WAIKAR,MUMBAI NORTH WEST,147000000.0,False,Allocated_Limit.csv
389,Uttar Pradesh,Ravindra Shyamnarayan Alias Ravi Kishan Shukla,GORAKHPUR,147000000.0,False,Allocated_Limit.csv
390,Maharashtra,Ravindra Vasantrao Chavan,NANDED,147000000.0,False,Allocated_Limit.csv
391,Mizoram,RICHARD VANLALHMANGAIHA,MIZORAM (ST),147000000.0,False,Allocated_Limit.csv
392,Tamil Nadu,ROBERT BRUCE C,TIRUNELVELI,147475440.11,False,Allocated_Limit.csv
393,Madhya Pradesh,Rodmal Nagar,RAJGARH,147000000.0,False,Allocated_Limit.csv
394,Chhattisgarh,ROOP KUMARI CHOUDHARY,MAHASAMUND,153035414.0,False,Allocated_Limit.csv
395,Uttar Pradesh,RUCHI VIRA,MORADABAD,147000000.0,False,Allocated_Limit.csv
396,Odisha,RUDRA NARAYAN PANY,DHENKANAL,155013957.11,False,Allocated_Limit.csv
397,Nagaland,S SUPONGMEREN JAMIR,NAGALAND,147000000.0,False,Allocated_Limit.csv
398,Tamil Nadu,S Venkatesan,MADURAI,147000000.0,False,Allocated_Limit.csv
399,Tamil Nadu,S. Jagathrakshakan,ARAKKONAM,180589332.34,False,Allocated_Limit.csv
400,Tamil Nadu,SACHITHANANTHAM R,DINDIGUL,147000000.0,False,Allocated_Limit.csv
401,Karnataka,SAGAR ESHWAR KHANDRE,BIDAR,147000000.0,False,Allocated_Limit.csv
402,Meghalaya,SALENG A SANGMA,TURA,147000000.0,False,Allocated_Limit.csv
403,Odisha,SAMBIT PATRA,PURI,147000000.0,False,Allocated_Limit.csv
404,Uttar Pradesh,SANATAN PANDEY,BALLIA,180420041.4,False,Allocated_Limit.csv
405,Maharashtra,SANJAY DINA PATIL,MUMBAI NORTH EAST,147000000.0,False,Allocated_Limit.csv
406,Maharashtra,Sanjay Haribhau Jadhav,PARBHANI,147000000.0,False,Allocated_Limit.csv
407,Bihar,Sanjay Jaiswal,PASCHIM CHAMPARAN,147000000.0,False,Allocated_Limit.csv
408,Telangana,Sanjay Kumar Bandi,KARIMNAGAR,172775317.11,False,Allocated_Limit.csv
409,Jharkhand,Sanjay Seth,RANCHI,147064357.11,False,Allocated_Limit.csv
410,Maharashtra,Sanjay Uttamrao Deshmukh,YAVATMAL-WASHIM,185640423.0,False,Allocated_Limit.csv
411,Rajasthan,SANJNA JATAV,BHARATPUR(SC),147000000.0,False,Allocated_Limit.csv
412,Chhattisgarh,Santosh Pandey,RAJNANDGAON,147000000.0,False,Allocated_Limit.csv
413,Odisha,Saptagiri Sankar Ulaka,KORAPUT(ST),269500000.0,False,Allocated_Limit.csv
414,Punjab,SARABJEET SINGH KHALSA,FARIDKOT(SC),150850348.15,False,Allocated_Limit.csv
415,Tamil Nadu,Sasikanth Senthil,TIRUVALLUR(SC),171500000.0,False,Allocated_Limit.csv
416,Haryana,SATPAL BRAHAMCHARI,SONEPAT,147000000.0,False,Allocated_Limit.csv
417,West Bengal,Saumitra khan,BISHNUPUR(SC),147000000.0,False,Allocated_Limit.csv
418,Madhya Pradesh,SAVITRI THAKUR,DHAR(ST),147000000.0,False,Allocated_Limit.csv
419,West Bengal,SAYANI GHOSH,JADAVPUR,147000000.0,False,Allocated_Limit.csv
420,Haryana,SELJA,SIRSA(SC),147000000.0,False,Allocated_Limit.csv
421,Tamil Nadu,SELVAGANAPATHI T M,SALEM,147000000.0,False,Allocated_Limit.csv
422,Tamil Nadu,SELVARAJ V,NAGAPATTINAM(SC),147000000.0,False,Allocated_Limit.csv
423,Kerala,SHAFI PARAMBIL,VADAKARA,147000000.0,False,Allocated_Limit.csv
424,Bihar,SHAMBHAVI,SAMASTIPUR(SC),147000000.0,False,Allocated_Limit.csv
425,Madhya Pradesh,Shankar Lalwani,INDORE,147000000.0,False,Allocated_Limit.csv
426,Uttar Pradesh,SHASHANK MANI,DEORIA,147000000.0,False,Allocated_Limit.csv
427,West Bengal,Shatrughan Sinha,ASANSOL,147000000.0,False,Allocated_Limit.csv
428,Punjab,SHER SINGH GHUBAYA,FIROZPUR,147000000.0,False,Allocated_Limit.csv
429,Madhya Pradesh,SHIVMANGAL SINGH TOMAR,MORENA,147000000.0,False,Allocated_Limit.csv
430,Madhya Pradesh,SHIVRAJ SINGH CHOUHAN,VIDISHA,147000000.0,False,Allocated_Limit.csv
431,Karnataka,SHOBHA KARANDLAJE,BANGALORE NORTH,147000000.0,False,Allocated_Limit.csv
432,Gujarat,SHOBHANABEN MAHENDRASINH BARAIYA,SABARKANTHA,147000000.0,False,Allocated_Limit.csv
433,Karnataka,SHREYAS. M. PATEL,HASSAN,147000000.0,False,Allocated_Limit.csv
434,Haryana,Shri Dharambir Singh,BHIWANI MAHENDRAGARH,147000000.0,False,Allocated_Limit.csv
435,West Bengal,Shri Abhishek Banerjee,DIAMOND HARBOUR,147000000.0,False,Allocated_Limit.csv
436,Punjab,Shri Amar Singh,FATEHGARH SAHIB(SC),147000000.0,False,Allocated_Limit.csv
437,Gujarat,Shri Amit Shah,GANDHINAGAR,147000000.0,False,Allocated_Limit.csv
438,Madhya Pradesh,Shri Anil Firojiya,UJJAIN(SC),147000000.0,False,Allocated_Limit.csv
439,Rajasthan,Shri Arjun Ram Meghwal,BIKANER(SC),147000000.0,False,Allocated_Limit.csv
440,Uttar Pradesh,Shri Arun Kumar Sagar,SHAHJAHANPUR(SC),147000000.0,False,Allocated_Limit.csv
441,Karnataka,Shri B Y Raghavendra,SHIMOGA,147000000.0,False,Allocated_Limit.csv
442,Kerala,Shri Benny Behanan,CHALAKUDY,164674770.11,False,Allocated_Limit.csv
443,Odisha,Shri Bhartruhari Mahtab,CUTTACK,147000000.0,False,Allocated_Limit.csv
444,Jharkhand,Shri Chandra Prakash Choudhary,GIRIDIH,147000000.0,False,Allocated_Limit.csv
445,West Bengal,Shri Deepak (Dev) Adhikari,GHATAL,200747364.0,False,Allocated_Limit.csv
446,Punjab,Shri Gurjeet Singh Aujla,AMRITSAR,147000000.0,False,Allocated_Limit.csv
447,Rajasthan,Shri Hanuman Beniwal,NAGAUR,147000000.0,False,Allocated_Limit.csv
448,Kerala,Shri Hibi Eden,ERNAKULAM,162177260.11,False,Allocated_Limit.csv
449,Bihar,Shri Janardan Singh Sigriwal,MAHARAJGANJ_BR,147000000.0,False,Allocated_Limit.csv
450,Odisha,Shri Jual Oram,SUNDARGARH (ST),173096756.91,False,Allocated_Limit.csv
451,Jammu And Kashmir,Shri Jugal Kishore Sharma,JAMMU,147000000.0,False,Allocated_Limit.csv
452,West Bengal,Shri Jyotirmay Singh Mahato,PURULIA,147000000.0,False,Allocated_Limit.csv
453,Tamil Nadu,Shri Karti P Chidambaram,SIVAGANGA,159049284.11,False,Allocated_Limit.csv
454,Kerala,Shri Kumbakudi Sudhakaran,KANNUR,147000000.0,False,Allocated_Limit.csv
455,Karnataka,Shri LS Tejasvi Surya,BANGALORE SOUTH,147000000.0,False,Allocated_Limit.csv
456,Kerala,Shri M K Raghavan,KOZHIKODE,147000000.0,False,Allocated_Limit.csv
457,Uttar Pradesh,Shri Narendra Modi,VARANASI,162070276.11,False,Allocated_Limit.csv
458,Kerala,Shri NK Premachandran,KOLLAM,171477994.11,False,Allocated_Limit.csv
459,Rajasthan,Shri PP Chaudhary,PALI,147000000.0,False,Allocated_Limit.csv
460,Kerala,Shri Rajmohan Unnithan,KASARAGOD,156754633.11,False,Allocated_Limit.csv
461,Assam,Shri Sarbananda Sonowal (18LS),DIBRUGARH,147000000.0,False,Allocated_Limit.csv
462,Uttar Pradesh,Shri Satish Kumar Gautam,ALIGARH,147000000.0,False,Allocated_Limit.csv
463,West Bengal,Shri Shantanu Thakur,BANGAON(SC),147000000.0,False,Allocated_Limit.csv
464,Madhya Pradesh,Shri Sudheer Gupta,MANDSOUR,148988014.83,False,Allocated_Limit.csv
465,Kerala,Shri Suresh Kodikunnil,MAVELIKKARA(SC),172429519.11,False,Allocated_Limit.csv
466,Arunachal Pradesh,Shri Tapir Gao,ARUNACHAL EAST,147000000.0,False,Allocated_Limit.csv
467,Tamil Nadu,Shri vijayakumar Vasanth,KANNIYAKUMARI,171500000.0,False,Allocated_Limit.csv
468,Maharashtra,Shrikant Eknath Shinde,KALYAN,147000000.0,False,Allocated_Limit.csv
469,Maharashtra,SHRIMANT CHH UDAYANRAJE PRATAPSINHAMAHARAJ BHONSLE,SATARA,147000000.0,False,Allocated_Limit.csv
470,Goa,Shripad Yesso Naik,NORTH GOA,147000000.0,False,Allocated_Limit.csv
471,Maharashtra,Shrirang Appa Barne,MAVAL,147000000.0,False,Allocated_Limit.csv
472,Maharashtra,Shyamkumar,RAMTEK(SC),147000000.0,False,Allocated_Limit.csv
473,Andhra Pradesh,Sivanath Kesineni,VIJAYAWADA,147000000.0,False,Allocated_Limit.csv
474,West Bengal,SK NURUL ISLAM,BASIRHAT,49000000.0,False,Allocated_Limit.csv
475,Maharashtra,SMITA UDAY WAGH,JALGAON,148107373.11,False,Allocated_Limit.csv
476,Uttar Pradesh,Smt Anupriya Patel,MIRZAPUR,147000000.0,False,Allocated_Limit.csv
477,Odisha,Smt Aparajita Sarangi,BHUBANESWAR,147420861.41,False,Allocated_Limit.csv
478,Uttar Pradesh,Smt Dimple Yadav,MAINPURI,192042469.11,False,Allocated_Limit.csv
479,Punjab,Smt Harsimrat Kaur Badal,BHATINDA,159775982.39,False,Allocated_Limit.csv
480,Uttar Pradesh,Smt Hema Malini,MATHURA,147000000.0,False,Allocated_Limit.csv
481,Madhya Pradesh,Smt Himadri Singh,SHAHDOL (ST),150724861.11,False,Allocated_Limit.csv
482,Gujarat,Smt Poonamben Hematbhai Maadam,JAMNAGAR,147000000.0,False,Allocated_Limit.csv
483,Maharashtra,Smt Raksha Nikhil Khadse,RAVER,153112586.11,False,Allocated_Limit.csv
484,Tamil Nadu,Smt S Jothimani,KARUR,147000000.0,False,Allocated_Limit.csv
485,West Bengal,Smt Sajda Ahmed,ULUBERIA,147000000.0,False,Allocated_Limit.csv
486,Madhya Pradesh,Smt Sandhya Ray,BHIND(SC),147000000.0,False,Allocated_Limit.csv
487,Odisha,Smt Sangeeta Kumari Singh Deo,BOLANGIR,147000000.0,False,Allocated_Limit.csv
488,West Bengal,Smt Satabdi Roy (Banerjee),BIRBHUM,147000000.0,False,Allocated_Limit.csv
489,Maharashtra,Smt Supriya Sadanand Sule,BARAMATI,147000000.0,False,Allocated_Limit.csv
490,Bihar,Smt Veena Devi,VAISHALI,147000000.0,False,Allocated_Limit.csv
491,Andhra Pradesh,Sribharat MathuKumli,VISAKHAPATNAM,164841922.0,False,Allocated_Limit.csv
492,Bihar,SUDAMA PRASAD,ARRAH,147000000.0,False,Allocated_Limit.csv
493,Tamil Nadu,SUDHA R,MAYILADUTHURAI,147332315.11,False,Allocated_Limit.csv
494,Bihar,SUDHAKAR SINGH,BUXAR,185211956.54,False,Allocated_Limit.csv
495,West Bengal,Sudip Bandyopadhyay,KOLKATA UTTAR,147000000.0,False,Allocated_Limit.csv
496,Odisha,SUKANTA KUMAR PANIGRAHI,KANDHAMAL,190712424.11,False,Allocated_Limit.csv
497,Jharkhand,SUKHDEO BHAGAT,LOHARDAGA(ST),171821957.11,False,Allocated_Limit.csv
498,Punjab,SUKHJINDER SINGH RANDHAWA,GURDASPUR,147000000.0,False,Allocated_Limit.csv
499,Karnataka,SUNIL BOSE,CHAMARAJANAGAR(SC),147000000.0,False,Allocated_Limit.csv
500,Maharashtra,Sunil Dattatray Tatkare,RAIGAD,147000000.0,False,Allocated_Limit.csv
501,Bihar,Sunil Kumar,VALMIKI NAGAR,147000000.0,False,Allocated_Limit.csv
502,Bihar,SURENDRA PRASAD YADAV,JAHANABAD,155325714.0,False,Allocated_Limit.csv
503,Kerala,SURESH GOPI,THRISSUR,147000000.0,False,Allocated_Limit.csv
504,Himachal Pradesh,Suresh Kumar Kashyap,SHIMLA (SC),153563957.11,False,Allocated_Limit.csv
505,Telangana,SURESH KUMAR SHETKAR,ZAHIRABAD,147000000.0,False,Allocated_Limit.csv
506,Uttar Pradesh,Swami Sachchidanandhari Sakshi ji Maharaj,UNNAO,147000000.0,False,Allocated_Limit.csv
507,Tamil Nadu,T Sumathy (A) Thamizhachi Thangapandian,CHENNAI SOUTH,147000000.0,False,Allocated_Limit.csv
508,Andhra Pradesh,TANGELLA UDAY SRINIVAS,KAKINADA,199417886.76,False,Allocated_Limit.csv
509,Uttar Pradesh,TANUJ PUNIA,BARABANKI(SC),148198170.11,False,Allocated_Limit.csv
510,Bihar,TARIQ ANWAR,KATIHAR,147000000.0,False,Allocated_Limit.csv
511,Tamil Nadu,Thalikkottai Rajuthevar Baalu,SRIPERUMBUDUR,196905535.11,False,Allocated_Limit.csv
512,Tamil Nadu,THANGA TAMILSELVAN,THENI,147000000.0,False,Allocated_Limit.csv
513,Tamil Nadu,THARANIVENTHAN M S,ARANI,168337124.35,False,Allocated_Limit.csv
514,Tamil Nadu,Thiru Dayanidhi Maran,CHENNAI CENTRAL,147000000.0,False,Allocated_Limit.csv
515,Tamil Nadu,Thirumaa Valavan Thol,CHIDAMBARAM(SC),147000000.0,False,Allocated_Limit.csv
516,Chhattisgarh,TOKHAN SAHU,BILASPUR,147000000.0,False,Allocated_Limit.csv
517,Uttarakhand,TRIVENDRA SINGH RAWAT,HARDWAR,147000000.0,False,Allocated_Limit.csv
518,Uttar Pradesh,UJJWAL RAMAN SINGH,ALLAHABAD,147000000.0,False,Allocated_Limit.csv
519,Rajasthan,UMMEDA RAM BENIWAL,BARMER,147000000.0,False,Allocated_Limit.csv
520,Uttar Pradesh,UTKARSH VERMA MADHUR,KHERI,147000000.0,False,Allocated_Limit.csv
521,Tamil Nadu,V S Matheswaran,NAMAKKAL,162539930.11,False,Allocated_Limit.csv
522,Karnataka,V. SOMANNA,TUMKUR,147000000.0,False,Allocated_Limit.csv
523,Puducherry,Vaithilingam Ve,Puducherry,209368972.11,False,Allocated_Limit.csv
524,Telangana,VAMSI KRISHNA GADDAM,PEDDAPALLE,148451721.11,False,Allocated_Limit.csv
525,Haryana,VARUN CHAUDHRY,AMBALA (SC),255454264.0,False,Allocated_Limit.csv
526,Kerala,Vellalath Kochukrishnan Nair Sreekandan,PALAKKAD,167807990.11,False,Allocated_Limit.csv
527,Chhattisgarh,Vijay Baghel,DURG,147000000.0,False,Allocated_Limit.csv
528,Uttar Pradesh,Vijay Kumar Dubey,KUSHI NAGAR,148900000.0,False,Allocated_Limit.csv
529,Jharkhand,Vijay Kumar Hansdak,RAJMAHAL(ST),147223957.11,False,Allocated_Limit.csv
530,Bihar,VIJAYLAKSHMI DEVI,SIWAN,147000000.0,False,Allocated_Limit.csv
531,Gujarat,Vinod Chavda,KACHCHH(SC),147000000.0,False,Allocated_Limit.csv
532,Uttar Pradesh,VINOD KUMAR BIND,BHADOHI,147000000.0,False,Allocated_Limit.csv
533,Madhya Pradesh,Virendra Kumar,TIKAMGARH(SC),147000000.0,False,Allocated_Limit.csv
534,Uttar Pradesh,VIRENDRA SINGH,CHANDAULI,147000000.0,False,Allocated_Limit.csv
535,Maharashtra,VISHAL,SANGLI,147000000.0,False,Allocated_Limit.csv
536,Jharkhand,Vishnu Dayal Ram,PALAMU(SC),158176083.11,False,Allocated_Limit.csv
537,Madhya Pradesh,Vishnu Dutt Sharma,KHAJURAHO,147000000.0,False,Allocated_Limit.csv
538,Karnataka,VISHWESHWAR HEGDE KAGERI,UTTARA KANNADA,147000000.0,False,Allocated_Limit.csv
539,Bihar,VIVEK THAKUR,NAWADA,147000000.0,False,Allocated_Limit.csv
540,Andhra Pradesh,Y S Avinash Reddy,KADAPA,156430260.11,False,Allocated_Limit.csv
541,Karnataka,YADUVEER KRISHNADATTA CHAMARAJA WADIYAR,MYSORE,147000000.0,False,Allocated_Limit.csv
542,Delhi,Yogendra Chandoliya,NORTH WEST DELHI(SC),147876307.0,False,Allocated_Limit.csv
543,Uttar Pradesh,ZIA UR REHMAN,SAMBHAL,147000000.0,False,Allocated_Limit.csv
